<?xml version="1.0" encoding="utf-8"?>
<odoo>
	<data noupdate="1">
		<record id="ir_cron_scheduler_sync_attendance" model="ir.cron">
			<field name="name">Synchronize attendances scheduler</field>
			<field name="model_id" ref="model_attendance_wizard" />
			<field name="user_id" ref="base.user_root" />
			<field name="state">code</field>
			<field name="interval_number">30</field>
			<field name="interval_type">minutes</field>
			<field name="numbercall">-1</field>
			<field eval="False" name="doall" />
			<field name="code">model.cron_sync_attendance()</field>
		</record>

		<record id="ir_cron_scheduler_download_attendance" model="ir.cron">
			<field name="name">Download attendances scheduler</field>
			<field name="model_id" ref="model_attendance_wizard" />
			<field name="user_id" ref="base.user_root" />
			<field name="state">code</field>
			<field name="interval_number">30</field>
			<field name="interval_type">minutes</field>
			<field name="numbercall">-1</field>
			<field eval="False" name="doall" />
			<field name="code">model.cron_download_device_attendance()</field>
		</record>

	</data>
</odoo>